"Longitude (x)","Latitude (y)","Station Name","Climate ID","Date/Time","Year","Month","Day","Data Quality","Max Temp (°C)","Max Temp Flag","Min Temp (°C)","Min Temp Flag","Mean Temp (°C)","Mean Temp Flag","Heat Deg Days (°C)","Heat Deg Days Flag","Cool Deg Days (°C)","Cool Deg Days Flag","Total Rain (mm)","Total Rain Flag","Total Snow (cm)","Total Snow Flag","Total Precip (mm)","Total Precip Flag","Snow on Grnd (cm)","Snow on Grnd Flag","Dir of Max Gust (10s deg)","Dir of Max Gust Flag","Spd of Max Gust (km/h)","Spd of Max Gust Flag"
"-80.05","42.53","LONG POINT (AUT)","6134F10","2018-01-01","2018","01","01","","-9.6","","-14.1","","-11.9","","29.9","","0.0","","","M","","M","","M","","","22","","52",""
"-80.05","42.53","LONG POINT (AUT)","6134F10","2018-01-02","2018","01","02","","-6.3","","-11.1","","-8.7","","26.7","","0.0","","","M","","M","","M","","","19","","87",""
"-80.05","42.53","LONG POINT (AUT)","6134F10","2018-01-03","2018","01","03","","","M","-10.0","E","","M","","M","","M","","M","","M","","M","","","18","","70",""
"-80.05","42.53","LONG POINT (AUT)","6134F10","2018-01-04","2018","01","04","","-6.9","","-16.3","","-11.6","","29.6","","0.0","","","M","","M","","M","","","28","","70",""
"-80.05","42.53","LONG POINT (AUT)","6134F10","2018-01-05","2018","01","05","","-14.2","","-18.5","","-16.4","","34.4","","0.0","","","M","","M","","M","","","24","","56",""
"-80.05","42.53","LONG POINT (AUT)","6134F10","2018-01-06","2018","01","06","","-13.8","","-16.5","","-15.2","","33.2","","0.0","","","M","","M","","M","","","24","","46",""
"-80.05","42.53","LONG POINT (AUT)","6134F10","2018-01-07","2018","01","07","","-0.1","","-14.7","","-7.4","","25.4","","0.0","","","M","","M","","M","","","16","","80",""
"-80.05","42.53","LONG POINT (AUT)","6134F10","2018-01-08","2018","01","08","","1.1","","-0.5","","0.3","","17.7","","0.0","","","M","","M","","M","","","17","","85",""
"-80.05","42.53","LONG POINT (AUT)","6134F10","2018-01-09","2018","01","09","","","M","-2.7","E","","M","","M","","M","","M","","M","","M","","","21","","48",""
"-80.05","42.53","LONG POINT (AUT)","6134F10","2018-01-10","2018","01","10","","7.1","","-1.4","","2.9","","15.1","","0.0","","","M","","M","","M","","","14","","59",""
"-80.05","42.53","LONG POINT (AUT)","6134F10","2018-01-11","2018","01","11","","13.4","","5.7","","9.6","","8.4","","0.0","","","M","","M","","M","","","15","","74",""
"-80.05","42.53","LONG POINT (AUT)","6134F10","2018-01-12","2018","01","12","","13.9","","-8.5","","2.7","","15.3","","0.0","","","M","","M","","M","","","34","","65",""
"-80.05","42.53","LONG POINT (AUT)","6134F10","2018-01-13","2018","01","13","","-7.6","","-12.1","","-9.9","","27.9","","0.0","","","M","","M","","M","","","31","","63",""
"-80.05","42.53","LONG POINT (AUT)","6134F10","2018-01-14","2018","01","14","","-7.2","","-11.9","","-9.6","","27.6","","0.0","","","M","","M","","M","","","9","","46",""
"-80.05","42.53","LONG POINT (AUT)","6134F10","2018-01-15","2018","01","15","","-2.6","","-9.2","","-5.9","","23.9","","0.0","","","M","","M","","M","","","9","","44",""
"-80.05","42.53","LONG POINT (AUT)","6134F10","2018-01-16","2018","01","16","","-2.7","","-11.0","","-6.9","","24.9","","0.0","","","M","","M","","M","","","18","","61",""
"-80.05","42.53","LONG POINT (AUT)","6134F10","2018-01-17","2018","01","17","","-6.5","","-11.7","","-9.1","","27.1","","0.0","","","M","","M","","M","","","17","","70",""
"-80.05","42.53","LONG POINT (AUT)","6134F10","2018-01-18","2018","01","18","","-3.1","","-9.5","","-6.3","","24.3","","0.0","","","M","","M","","M","","","18","","72",""
"-80.05","42.53","LONG POINT (AUT)","6134F10","2018-01-19","2018","01","19","","1.7","","-4.3","","-1.3","","19.3","","0.0","","","M","","M","","M","","","17","","67",""
"-80.05","42.53","LONG POINT (AUT)","6134F10","2018-01-20","2018","01","20","","3.3","","0.6","","2.0","","16.0","","0.0","","","M","","M","","M","","","19","","69",""
"-80.05","42.53","LONG POINT (AUT)","6134F10","2018-01-21","2018","01","21","","5.3","","0.0","","2.7","","15.3","","0.0","","","M","","M","","M","","","20","","32",""
"-80.05","42.53","LONG POINT (AUT)","6134F10","2018-01-22","2018","01","22","","13.5","E","","M","","M","","M","","M","","M","","M","","M","","","12","","48",""
"-80.05","42.53","LONG POINT (AUT)","6134F10","2018-01-23","2018","01","23","","9.7","","-3.1","","3.3","","14.7","","0.0","","","M","","M","","M","","","11","","98",""
"-80.05","42.53","LONG POINT (AUT)","6134F10","2018-01-24","2018","01","24","","-2.7","","-6.4","","-4.6","","22.6","","0.0","","","M","","M","","M","","","26","","54",""
"-80.05","42.53","LONG POINT (AUT)","6134F10","2018-01-25","2018","01","25","","-1.6","","-7.7","","-4.7","","22.7","","0.0","","","M","","M","","M","","","","","<31",""
"-80.05","42.53","LONG POINT (AUT)","6134F10","2018-01-26","2018","01","26","","6.9","","-3.0","","2.0","","16.0","","0.0","","","M","","M","","M","","","16","","54",""
"-80.05","42.53","LONG POINT (AUT)","6134F10","2018-01-27","2018","01","27","","7.0","","-0.9","","3.1","","14.9","","0.0","","","M","","M","","M","","","16","","67",""
"-80.05","42.53","LONG POINT (AUT)","6134F10","2018-01-28","2018","01","28","","4.1","","-0.9","","1.6","","16.4","","0.0","","","M","","M","","M","","","36","","33",""
"-80.05","42.53","LONG POINT (AUT)","6134F10","2018-01-29","2018","01","29","","-0.8","","-5.8","","-3.3","","21.3","","0.0","","","M","","M","","M","","","32","","57",""
"-80.05","42.53","LONG POINT (AUT)","6134F10","2018-01-30","2018","01","30","","-5.8","","-11.2","","-8.5","","26.5","","0.0","","","M","","M","","M","","","29","","63",""
"-80.05","42.53","LONG POINT (AUT)","6134F10","2018-01-31","2018","01","31","","2.8","","-7.8","","-2.5","","20.5","","0.0","","","M","","M","","M","","","16","","70",""
"-80.05","42.53","LONG POINT (AUT)","6134F10","2018-02-01","2018","02","01","","2.4","","-8.8","","-3.2","","21.2","","0.0","","","M","","M","","M","","","28","","56",""
"-80.05","42.53","LONG POINT (AUT)","6134F10","2018-02-02","2018","02","02","","-7.8","","-12.4","","-10.1","","28.1","","0.0","","","M","","M","","M","","","24","","52",""
"-80.05","42.53","LONG POINT (AUT)","6134F10","2018-02-03","2018","02","03","","1.2","","-9.2","","-4.0","","22.0","","0.0","","","M","","M","","M","","","16","","89",""
"-80.05","42.53","LONG POINT (AUT)","6134F10","2018-02-04","2018","02","04","","2.3","","-8.1","","-2.9","","20.9","","0.0","","","M","","M","","M","","","18","","80",""
"-80.05","42.53","LONG POINT (AUT)","6134F10","2018-02-05","2018","02","05","","-6.5","","-11.8","","-9.2","","27.2","","0.0","","","M","","M","","M","","","19","","56",""
"-80.05","42.53","LONG POINT (AUT)","6134F10","2018-02-06","2018","02","06","","-6.4","","-9.0","","-7.7","","25.7","","0.0","","","M","","M","","M","","","21","","35",""
"-80.05","42.53","LONG POINT (AUT)","6134F10","2018-02-07","2018","02","07","","-4.4","","-12.1","","-8.3","","26.3","","0.0","","","M","","M","","M","","","1","","44",""
"-80.05","42.53","LONG POINT (AUT)","6134F10","2018-02-08","2018","02","08","","-7.5","","-12.4","","-10.0","","28.0","","0.0","","","M","","M","","M","","","22","","48",""
"-80.05","42.53","LONG POINT (AUT)","6134F10","2018-02-09","2018","02","09","","-3.8","","-10.5","","-7.2","","25.2","","0.0","","","M","","M","","M","","","3","","39",""
"-80.05","42.53","LONG POINT (AUT)","6134F10","2018-02-10","2018","02","10","","-2.9","","-4.4","","-3.7","","21.7","","0.0","","","M","","M","","M","","","36","","41",""
"-80.05","42.53","LONG POINT (AUT)","6134F10","2018-02-11","2018","02","11","","1.0","","-3.7","","-1.4","","19.4","","0.0","","","M","","M","","M","","","20","","59",""
"-80.05","42.53","LONG POINT (AUT)","6134F10","2018-02-12","2018","02","12","","-3.1","","-8.2","","-5.7","","23.7","","0.0","","","M","","M","","M","","","22","","32",""
"-80.05","42.53","LONG POINT (AUT)","6134F10","2018-02-13","2018","02","13","","-0.7","","-9.1","","-4.9","","22.9","","0.0","","","M","","M","","M","","","","","<31",""
"-80.05","42.53","LONG POINT (AUT)","6134F10","2018-02-14","2018","02","14","","4.6","","-1.5","","1.6","","16.4","","0.0","","","M","","M","","M","","","19","","46",""
"-80.05","42.53","LONG POINT (AUT)","6134F10","2018-02-15","2018","02","15","","7.9","","2.7","","5.3","","12.7","","0.0","","","M","","M","","M","","","17","","50",""
"-80.05","42.53","LONG POINT (AUT)","6134F10","2018-02-16","2018","02","16","","6.1","","-4.0","","1.1","","16.9","","0.0","","","M","","M","","M","","","27","","44",""
"-80.05","42.53","LONG POINT (AUT)","6134F10","2018-02-17","2018","02","17","","-1.4","","-5.1","","-3.3","","21.3","","0.0","","","M","","M","","M","","","13","","37",""
"-80.05","42.53","LONG POINT (AUT)","6134F10","2018-02-18","2018","02","18","","1.7","","-2.9","","-0.6","","18.6","","0.0","","","M","","M","","M","","","7","","35",""
"-80.05","42.53","LONG POINT (AUT)","6134F10","2018-02-19","2018","02","19","","16.0","","1.3","","8.7","","9.3","","0.0","","","M","","M","","M","","","16","","65",""
"-80.05","42.53","LONG POINT (AUT)","6134F10","2018-02-20","2018","02","20","","","M","7.7","E","","M","","M","","M","","M","","M","","M","","","","","<31",""
"-80.05","42.53","LONG POINT (AUT)","6134F10","2018-02-21","2018","02","21","","","M","","M","","M","","M","","M","","M","","M","","M","","","","M","","M"
"-80.05","42.53","LONG POINT (AUT)","6134F10","2018-02-22","2018","02","22","","","M","","M","","M","","M","","M","","M","","M","","M","","","","","<31",""
"-80.05","42.53","LONG POINT (AUT)","6134F10","2018-02-23","2018","02","23","","8.8","","0.3","","4.6","","13.4","","0.0","","","M","","M","","M","","","22","","56",""
"-80.05","42.53","LONG POINT (AUT)","6134F10","2018-02-24","2018","02","24","","5.0","","0.9","","3.0","","15.0","","0.0","","","M","","M","","M","","","2","","56",""
"-80.05","42.53","LONG POINT (AUT)","6134F10","2018-02-25","2018","02","25","","9.9","","1.3","","5.6","","12.4","","0.0","","","M","","M","","M","","","20","","93",""
"-80.05","42.53","LONG POINT (AUT)","6134F10","2018-02-26","2018","02","26","","2.2","","0.5","","1.4","","16.6","","0.0","","","M","","M","","M","","","18","","44",""
"-80.05","42.53","LONG POINT (AUT)","6134F10","2018-02-27","2018","02","27","","9.6","","1.4","","5.5","","12.5","","0.0","","","M","","M","","M","","","19","","39",""
"-80.05","42.53","LONG POINT (AUT)","6134F10","2018-02-28","2018","02","28","","7.6","","3.0","","5.3","","12.7","","0.0","","","M","","M","","M","","","21","","43",""
"-80.05","42.53","LONG POINT (AUT)","6134F10","2018-03-01","2018","03","01","","4.4","","-0.5","","2.0","","16.0","","0.0","","","M","","M","","M","","","33","","80",""
"-80.05","42.53","LONG POINT (AUT)","6134F10","2018-03-02","2018","03","02","","2.8","","-1.2","","0.8","","17.2","","0.0","","","M","","M","","M","","","31","","67",""
"-80.05","42.53","LONG POINT (AUT)","6134F10","2018-03-03","2018","03","03","","2.9","","-2.6","","0.2","","17.8","","0.0","","","M","","M","","M","","","32","","43",""
"-80.05","42.53","LONG POINT (AUT)","6134F10","2018-03-04","2018","03","04","","3.0","","-2.6","","0.2","","17.8","","0.0","","","M","","M","","M","","","32","","43",""
"-80.05","42.53","LONG POINT (AUT)","6134F10","2018-03-05","2018","03","05","","-1.2","","-4.3","","-2.8","","20.8","","0.0","","","M","","M","","M","","","33","","37",""
"-80.05","42.53","LONG POINT (AUT)","6134F10","2018-03-06","2018","03","06","","0.5","","-3.6","","-1.6","","19.6","","0.0","","","M","","M","","M","","","3","","46",""
"-80.05","42.53","LONG POINT (AUT)","6134F10","2018-03-07","2018","03","07","","1.2","","-2.5","","-0.7","","18.7","","0.0","","","M","","M","","M","","","19","","56",""
"-80.05","42.53","LONG POINT (AUT)","6134F10","2018-03-08","2018","03","08","","-0.3","","-3.5","","-1.9","","19.9","","0.0","","","M","","M","","M","","","21","","56",""
"-80.05","42.53","LONG POINT (AUT)","6134F10","2018-03-09","2018","03","09","","-0.4","","-1.8","","-1.1","","19.1","","0.0","","","M","","M","","M","","","22","","56",""
"-80.05","42.53","LONG POINT (AUT)","6134F10","2018-03-10","2018","03","10","","0.4","","-2.0","","-0.8","","18.8","","0.0","","","M","","M","","M","","","26","","43",""
"-80.05","42.53","LONG POINT (AUT)","6134F10","2018-03-11","2018","03","11","","-0.5","","-3.0","","-1.8","","19.8","","0.0","","","M","","M","","M","","","28","","33",""
"-80.05","42.53","LONG POINT (AUT)","6134F10","2018-03-12","2018","03","12","","-0.9","","-3.3","","-2.1","","20.1","","0.0","","","M","","M","","M","","","","","<31",""
"-80.05","42.53","LONG POINT (AUT)","6134F10","2018-03-13","2018","03","13","","0.3","","-2.9","","-1.3","","19.3","","0.0","","","M","","M","","M","","","27","","52",""
"-80.05","42.53","LONG POINT (AUT)","6134F10","2018-03-14","2018","03","14","","0.3","","-2.7","","-1.2","","19.2","","0.0","","","M","","M","","M","","","26","","61",""
"-80.05","42.53","LONG POINT (AUT)","6134F10","2018-03-15","2018","03","15","","1.6","","-3.5","","-1.0","","19.0","","0.0","","","M","","M","","M","","","27","","57",""
"-80.05","42.53","LONG POINT (AUT)","6134F10","2018-03-16","2018","03","16","","-1.2","","-5.6","","-3.4","","21.4","","0.0","","","M","","M","","M","","","26","","65",""
"-80.05","42.53","LONG POINT (AUT)","6134F10","2018-03-17","2018","03","17","","2.6","","-1.8","","0.4","","17.6","","0.0","","","M","","M","","M","","","19","","44",""
"-80.05","42.53","LONG POINT (AUT)","6134F10","2018-03-18","2018","03","18","","5.8","","-2.7","","1.6","","16.4","","0.0","","","M","","M","","M","","","20","","46",""
"-80.05","42.53","LONG POINT (AUT)","6134F10","2018-03-19","2018","03","19","","","M","-2.3","E","","M","","M","","M","","M","","M","","M","","","3","","57",""
"-80.05","42.53","LONG POINT (AUT)","6134F10","2018-03-20","2018","03","20","","0.8","","-3.8","","-1.5","","19.5","","0.0","","","M","","M","","M","","","2","","80",""
"-80.05","42.53","LONG POINT (AUT)","6134F10","2018-03-21","2018","03","21","","1.7","","-2.4","","-0.4","","18.4","","0.0","","","M","","M","","M","","","2","","69",""
"-80.05","42.53","LONG POINT (AUT)","6134F10","2018-03-22","2018","03","22","","3.1","","-2.5","","0.3","","17.7","","0.0","","","M","","M","","M","","","26","","41",""
"-80.05","42.53","LONG POINT (AUT)","6134F10","2018-03-23","2018","03","23","","2.7","","-2.4","","0.2","","17.8","","0.0","","","M","","M","","M","","","28","","37",""
"-80.05","42.53","LONG POINT (AUT)","6134F10","2018-03-24","2018","03","24","","","M","-2.5","E","","M","","M","","M","","M","","M","","M","","","35","","59",""
"-80.05","42.53","LONG POINT (AUT)","6134F10","2018-03-25","2018","03","25","","2.1","","-3.9","","-0.9","","18.9","","0.0","","","M","","M","","M","","","36","","61",""
"-80.05","42.53","LONG POINT (AUT)","6134F10","2018-03-26","2018","03","26","","5.1","E","","M","","M","","M","","M","","M","","M","","M","","","2","","48",""
"-80.05","42.53","LONG POINT (AUT)","6134F10","2018-03-27","2018","03","27","","6.2","","1.8","","4.0","","14.0","","0.0","","","M","","M","","M","","","14","","59",""
"-80.05","42.53","LONG POINT (AUT)","6134F10","2018-03-28","2018","03","28","","6.4","","1.4","","3.9","","14.1","","0.0","","","M","","M","","M","","","","","<31",""
"-80.05","42.53","LONG POINT (AUT)","6134F10","2018-03-29","2018","03","29","","5.6","","2.3","","4.0","","14.0","","0.0","","","M","","M","","M","","","32","","39",""
"-80.05","42.53","LONG POINT (AUT)","6134F10","2018-03-30","2018","03","30","","4.0","","0.2","","2.1","","15.9","","0.0","","","M","","M","","M","","","21","","43",""
"-80.05","42.53","LONG POINT (AUT)","6134F10","2018-03-31","2018","03","31","","9.0","","-0.3","","4.4","","13.6","","0.0","","","M","","M","","M","","","16","","80",""
"-80.05","42.53","LONG POINT (AUT)","6134F10","2018-04-01","2018","04","01","","2.0","","-2.1","","-0.1","","18.1","","0.0","","","M","","M","","M","","","28","","65",""
"-80.05","42.53","LONG POINT (AUT)","6134F10","2018-04-02","2018","04","02","","3.2","","-1.0","","1.1","","16.9","","0.0","","","M","","M","","M","","","19","","35",""
"-80.05","42.53","LONG POINT (AUT)","6134F10","2018-04-03","2018","04","03","","8.2","","0.7","","4.5","","13.5","","0.0","","","M","","M","","M","","","4","","50",""
"-80.05","42.53","LONG POINT (AUT)","6134F10","2018-04-04","2018","04","04","","10.3","","-2.3","","4.0","","14.0","","0.0","","","M","","M","","M","","","20","","98",""
"-80.05","42.53","LONG POINT (AUT)","6134F10","2018-04-05","2018","04","05","","0.9","","-2.5","","-0.8","","18.8","","0.0","","","M","","M","","M","","","24","","57",""
"-80.05","42.53","LONG POINT (AUT)","6134F10","2018-04-06","2018","04","06","","3.6","","-1.8","","0.9","","17.1","","0.0","","","M","","M","","M","","","20","","69",""
"-80.05","42.53","LONG POINT (AUT)","6134F10","2018-04-07","2018","04","07","","-0.7","","-3.9","","-2.3","","20.3","","0.0","","","M","","M","","M","","","27","","52",""
"-80.05","42.53","LONG POINT (AUT)","6134F10","2018-04-08","2018","04","08","","-0.3","","-3.0","","-1.7","","19.7","","0.0","","","M","","M","","M","","","25","","43",""
"-80.05","42.53","LONG POINT (AUT)","6134F10","2018-04-09","2018","04","09","","0.9","","-2.1","","-0.6","","18.6","","0.0","","","M","","M","","M","","","","","<31",""
"-80.05","42.53","LONG POINT (AUT)","6134F10","2018-04-10","2018","04","10","","2.2","","-1.2","","0.5","","17.5","","0.0","","","M","","M","","M","","","20","","32",""
"-80.05","42.53","LONG POINT (AUT)","6134F10","2018-04-11","2018","04","11","","5.5","","1.1","","3.3","","14.7","","0.0","","","M","","M","","M","","","19","","52",""
"-80.05","42.53","LONG POINT (AUT)","6134F10","2018-04-12","2018","04","12","","13.6","","1.7","","7.7","","10.3","","0.0","","","M","","M","","M","","","16","","65",""
"-80.05","42.53","LONG POINT (AUT)","6134F10","2018-04-13","2018","04","13","","7.9","","2.3","","5.1","","12.9","","0.0","","","M","","M","","M","","","36","","44",""
"-80.05","42.53","LONG POINT (AUT)","6134F10","2018-04-14","2018","04","14","","3.0","","-1.9","","0.6","","17.4","","0.0","","","M","","M","","M","","","1","","96",""
"-80.05","42.53","LONG POINT (AUT)","6134F10","2018-04-15","2018","04","15","","3.3","","-1.6","","0.9","","17.1","","0.0","","","M","","M","","M","","","2","","85",""
"-80.05","42.53","LONG POINT (AUT)","6134F10","2018-04-16","2018","04","16","","3.4","","0.7","","2.1","","15.9","","0.0","","","M","","M","","M","","","20","","69",""
"-80.05","42.53","LONG POINT (AUT)","6134F10","2018-04-17","2018","04","17","","1.6","","-1.7","","-0.1","","18.1","","0.0","","","M","","M","","M","","","22","","57",""
"-80.05","42.53","LONG POINT (AUT)","6134F10","2018-04-18","2018","04","18","","1.9","","0.0","","1.0","","17.0","","0.0","","","M","","M","","M","","","25","","43",""
"-80.05","42.53","LONG POINT (AUT)","6134F10","2018-04-19","2018","04","19","","2.9","","0.2","","1.6","","16.4","","0.0","","","M","","M","","M","","","29","","50",""
"-80.05","42.53","LONG POINT (AUT)","6134F10","2018-04-20","2018","04","20","","6.1","","0.7","","3.4","","14.6","","0.0","","","M","","M","","M","","","26","","33",""
"-80.05","42.53","LONG POINT (AUT)","6134F10","2018-04-21","2018","04","21","","8.0","","1.0","","4.5","","13.5","","0.0","","","M","","M","","M","","","","","<31",""
"-80.05","42.53","LONG POINT (AUT)","6134F10","2018-04-22","2018","04","22","","13.7","","3.0","","8.4","","9.6","","0.0","","","M","","M","","M","","","36","","46",""
"-80.05","42.53","LONG POINT (AUT)","6134F10","2018-04-23","2018","04","23","","18.2","","4.8","","11.5","","6.5","","0.0","","","M","","M","","M","","","2","","46",""
"-80.05","42.53","LONG POINT (AUT)","6134F10","2018-04-24","2018","04","24","","15.7","","6.2","","11.0","","7.0","","0.0","","","M","","M","","M","","","13","","48",""
"-80.05","42.53","LONG POINT (AUT)","6134F10","2018-04-25","2018","04","25","","9.0","","4.1","","6.6","","11.4","","0.0","","","M","","M","","M","","","26","","46",""
"-80.05","42.53","LONG POINT (AUT)","6134F10","2018-04-26","2018","04","26","","8.7","","3.1","","5.9","","12.1","","0.0","","","M","","M","","M","","","19","","41",""
"-80.05","42.53","LONG POINT (AUT)","6134F10","2018-04-27","2018","04","27","","12.2","","3.3","","7.8","","10.2","","0.0","","","M","","M","","M","","","18","","41",""
"-80.05","42.53","LONG POINT (AUT)","6134F10","2018-04-28","2018","04","28","","7.2","","1.4","","4.3","","13.7","","0.0","","","M","","M","","M","","","26","","41",""
"-80.05","42.53","LONG POINT (AUT)","6134F10","2018-04-29","2018","04","29","","9.0","","1.1","","5.1","","12.9","","0.0","","","M","","M","","M","","","20","","44",""
"-80.05","42.53","LONG POINT (AUT)","6134F10","2018-04-30","2018","04","30","","11.7","","3.8","","7.8","","10.2","","0.0","","","M","","M","","M","","","20","","46",""
"-80.05","42.53","LONG POINT (AUT)","6134F10","2018-05-01","2018","05","01","","22.3","","7.1","","14.7","","3.3","","0.0","","","M","","M","","M","","","20","","52",""
"-80.05","42.53","LONG POINT (AUT)","6134F10","2018-05-02","2018","05","02","","22.3","","9.4","","15.9","","2.1","","0.0","","","M","","M","","M","","","20","","85",""
"-80.05","42.53","LONG POINT (AUT)","6134F10","2018-05-03","2018","05","03","","17.2","","6.1","","11.7","","6.3","","0.0","","","M","","M","","M","","","21","","70",""
"-80.05","42.53","LONG POINT (AUT)","6134F10","2018-05-04","2018","05","04","","18.4","","6.2","","12.3","","5.7","","0.0","","","M","","M","","M","","","22","","87",""
"-80.05","42.53","LONG POINT (AUT)","6134F10","2018-05-05","2018","05","05","","19.5","","7.8","","13.7","","4.3","","0.0","","","M","","M","","M","","","21","","44",""
"-80.05","42.53","LONG POINT (AUT)","6134F10","2018-05-06","2018","05","06","","15.8","","7.2","","11.5","","6.5","","0.0","","","M","","M","","M","","","34","","59",""
"-80.05","42.53","LONG POINT (AUT)","6134F10","2018-05-07","2018","05","07","","15.0","","7.9","","11.5","","6.5","","0.0","","","M","","M","","M","","","35","","43",""
"-80.05","42.53","LONG POINT (AUT)","6134F10","2018-05-08","2018","05","08","","16.7","","6.9","","11.8","","6.2","","0.0","","","M","","M","","M","","","5","","35",""
"-80.05","42.53","LONG POINT (AUT)","6134F10","2018-05-09","2018","05","09","","24.6","","8.2","","16.4","","1.6","","0.0","","","M","","M","","M","","","14","","65",""
"-80.05","42.53","LONG POINT (AUT)","6134F10","2018-05-10","2018","05","10","","21.7","","7.0","","14.4","","3.6","","0.0","","","M","","M","","M","","","14","","70",""
"-80.05","42.53","LONG POINT (AUT)","6134F10","2018-05-11","2018","05","11","","7.4","","4.6","","6.0","","12.0","","0.0","","","M","","M","","M","","","32","","33",""
"-80.05","42.53","LONG POINT (AUT)","6134F10","2018-05-12","2018","05","12","","12.1","","5.2","","8.7","","9.3","","0.0","","","M","","M","","M","","","35","","44",""
"-80.05","42.53","LONG POINT (AUT)","6134F10","2018-05-13","2018","05","13","","13.1","","6.0","","9.6","","8.4","","0.0","","","M","","M","","M","","","","","<31",""
"-80.05","42.53","LONG POINT (AUT)","6134F10","2018-05-14","2018","05","14","","18.5","","6.3","","12.4","","5.6","","0.0","","","M","","M","","M","","","15","","43",""
"-80.05","42.53","LONG POINT (AUT)","6134F10","2018-05-15","2018","05","15","","17.7","","10.0","","13.9","","4.1","","0.0","","","M","","M","","M","","","20","","50",""
"-80.05","42.53","LONG POINT (AUT)","6134F10","2018-05-16","2018","05","16","","","M","","M","","M","","M","","M","","M","","M","","M","","","36","","32",""
"-80.05","42.53","LONG POINT (AUT)","6134F10","2018-05-17","2018","05","17","","23.5","","12.3","","17.9","","0.1","","0.0","","","M","","M","","M","","","35","","46",""
"-80.05","42.53","LONG POINT (AUT)","6134F10","2018-05-18","2018","05","18","","14.1","","8.5","","11.3","","6.7","","0.0","","","M","","M","","M","","","1","","65",""
"-80.05","42.53","LONG POINT (AUT)","6134F10","2018-05-19","2018","05","19","","18.5","","9.6","","14.1","","3.9","","0.0","","","M","","M","","M","","","4","","39",""
"-80.05","42.53","LONG POINT (AUT)","6134F10","2018-05-20","2018","05","20","","15.9","","9.6","","12.8","","5.2","","0.0","","","M","","M","","M","","","21","","37",""
"-80.05","42.53","LONG POINT (AUT)","6134F10","2018-05-21","2018","05","21","","19.5","","6.5","","13.0","","5.0","","0.0","","","M","","M","","M","","","36","","37",""
"-80.05","42.53","LONG POINT (AUT)","6134F10","2018-05-22","2018","05","22","","16.8","","10.6","","13.7","","4.3","","0.0","","","M","","M","","M","","","6","","43",""
"-80.05","42.53","LONG POINT (AUT)","6134F10","2018-05-23","2018","05","23","","16.8","","9.2","","13.0","","5.0","","0.0","","","M","","M","","M","","","21","","48",""
"-80.05","42.53","LONG POINT (AUT)","6134F10","2018-05-24","2018","05","24","","21.9","","10.8","","16.4","","1.6","","0.0","","","M","","M","","M","","","20","","41",""
"-80.05","42.53","LONG POINT (AUT)","6134F10","2018-05-25","2018","05","25","","24.6","","13.9","","19.3","","0.0","","1.3","","","M","","M","","M","","","21","","35",""
"-80.05","42.53","LONG POINT (AUT)","6134F10","2018-05-26","2018","05","26","","21.8","","14.4","","18.1","","0.0","","0.1","","","M","","M","","M","","","17","","37",""
"-80.05","42.53","LONG POINT (AUT)","6134F10","2018-05-27","2018","05","27","","23.4","","14.9","","19.2","","0.0","","1.2","","","M","","M","","M","","","","","<31",""
"-80.05","42.53","LONG POINT (AUT)","6134F10","2018-05-28","2018","05","28","","25.7","","17.2","","21.5","","0.0","","3.5","","","M","","M","","M","","","21","","33",""
"-80.05","42.53","LONG POINT (AUT)","6134F10","2018-05-29","2018","05","29","","25.8","","17.6","","21.7","","0.0","","3.7","","","M","","M","","M","","","2","","48",""
"-80.05","42.53","LONG POINT (AUT)","6134F10","2018-05-30","2018","05","30","","28.1","","16.0","","22.1","","0.0","","4.1","","","M","","M","","M","","","12","","50",""
"-80.05","42.53","LONG POINT (AUT)","6134F10","2018-05-31","2018","05","31","","24.4","","18.5","","21.5","","0.0","","3.5","","","M","","M","","M","","","14","","57",""
"-80.05","42.53","LONG POINT (AUT)","6134F10","2018-06-01","2018","06","01","","24.0","","16.5","","20.3","","0.0","","2.3","","","M","","M","","M","","","20","","37",""
"-80.05","42.53","LONG POINT (AUT)","6134F10","2018-06-02","2018","06","02","","18.8","","14.2","","16.5","","1.5","","0.0","","","M","","M","","M","","","35","","43",""
"-80.05","42.53","LONG POINT (AUT)","6134F10","2018-06-03","2018","06","03","","19.8","","14.7","","17.3","","0.7","","0.0","","","M","","M","","M","","","25","","44",""
"-80.05","42.53","LONG POINT (AUT)","6134F10","2018-06-04","2018","06","04","","17.8","","13.6","","15.7","","2.3","","0.0","","","M","","M","","M","","","21","","50",""
"-80.05","42.53","LONG POINT (AUT)","6134F10","2018-06-05","2018","06","05","","16.6","","11.7","","14.2","","3.8","","0.0","","","M","","M","","M","","","32","","57",""
"-80.05","42.53","LONG POINT (AUT)","6134F10","2018-06-06","2018","06","06","","13.4","","10.8","","12.1","","5.9","","0.0","","","M","","M","","M","","","32","","41",""
"-80.05","42.53","LONG POINT (AUT)","6134F10","2018-06-07","2018","06","07","","21.9","","12.9","","17.4","","0.6","","0.0","","","M","","M","","M","","","","","<31",""
"-80.05","42.53","LONG POINT (AUT)","6134F10","2018-06-08","2018","06","08","","21.8","","15.0","","18.4","","0.0","","0.4","","","M","","M","","M","","","","","<31",""
"-80.05","42.53","LONG POINT (AUT)","6134F10","2018-06-09","2018","06","09","","20.0","","15.5","","17.8","","0.2","","0.0","","","M","","M","","M","","","2","","41",""
"-80.05","42.53","LONG POINT (AUT)","6134F10","2018-06-10","2018","06","10","","17.6","","15.4","","16.5","","1.5","","0.0","","","M","","M","","M","","","4","","46",""
"-80.05","42.53","LONG POINT (AUT)","6134F10","2018-06-11","2018","06","11","","21.0","","15.3","","18.2","","0.0","","0.2","","","M","","M","","M","","","1","","46",""
"-80.05","42.53","LONG POINT (AUT)","6134F10","2018-06-12","2018","06","12","","23.5","","15.2","","19.4","","0.0","","1.4","","","M","","M","","M","","","13","","35",""
"-80.05","42.53","LONG POINT (AUT)","6134F10","2018-06-13","2018","06","13","","23.5","","16.8","","20.2","","0.0","","2.2","","","M","","M","","M","","","24","","63",""
"-80.05","42.53","LONG POINT (AUT)","6134F10","2018-06-14","2018","06","14","","22.7","","16.8","","19.8","","0.0","","1.8","","","M","","M","","M","","","26","","43",""
"-80.05","42.53","LONG POINT (AUT)","6134F10","2018-06-15","2018","06","15","","21.0","","15.8","","18.4","","0.0","","0.4","","","M","","M","","M","","","","","<31",""
"-80.05","42.53","LONG POINT (AUT)","6134F10","2018-06-16","2018","06","16","","24.3","","17.3","","20.8","","0.0","","2.8","","","M","","M","","M","","","","","<31",""
"-80.05","42.53","LONG POINT (AUT)","6134F10","2018-06-17","2018","06","17","","26.5","","18.5","","22.5","","0.0","","4.5","","","M","","M","","M","","","15","","41",""
"-80.05","42.53","LONG POINT (AUT)","6134F10","2018-06-18","2018","06","18","","24.5","","20.7","","22.6","","0.0","","4.6","","","M","","M","","M","","","23","","76",""
"-80.05","42.53","LONG POINT (AUT)","6134F10","2018-06-19","2018","06","19","","22.1","","17.8","","20.0","","0.0","","2.0","","","M","","M","","M","","","36","","43",""
"-80.05","42.53","LONG POINT (AUT)","6134F10","2018-06-20","2018","06","20","","20.0","","15.6","","17.8","","0.2","","0.0","","","M","","M","","M","","","34","","33",""
"-80.05","42.53","LONG POINT (AUT)","6134F10","2018-06-21","2018","06","21","","20.3","","17.3","","18.8","","0.0","","0.8","","","M","","M","","M","","","3","","57",""
"-80.05","42.53","LONG POINT (AUT)","6134F10","2018-06-22","2018","06","22","","18.6","","16.4","","17.5","","0.5","","0.0","","","M","","M","","M","","","3","","61",""
"-80.05","42.53","LONG POINT (AUT)","6134F10","2018-06-23","2018","06","23","","21.5","","17.5","","19.5","","0.0","","1.5","","","M","","M","","M","","","","","<31",""
"-80.05","42.53","LONG POINT (AUT)","6134F10","2018-06-24","2018","06","24","","20.9","","16.8","","18.9","","0.0","","0.9","","","M","","M","","M","","","36","","39",""
"-80.05","42.53","LONG POINT (AUT)","6134F10","2018-06-25","2018","06","25","","20.4","","15.9","","18.2","","0.0","","0.2","","","M","","M","","M","","","34","","33",""
"-80.05","42.53","LONG POINT (AUT)","6134F10","2018-06-26","2018","06","26","","23.4","","16.7","","20.1","","0.0","","2.1","","","M","","M","","M","","","3","","35",""
"-80.05","42.53","LONG POINT (AUT)","6134F10","2018-06-27","2018","06","27","","21.4","","19.1","","20.3","","0.0","","2.3","","","M","","M","","M","","","15","","35",""
"-80.05","42.53","LONG POINT (AUT)","6134F10","2018-06-28","2018","06","28","","22.8","","19.4","","21.1","","0.0","","3.1","","","M","","M","","M","","","19","","41",""
"-80.05","42.53","LONG POINT (AUT)","6134F10","2018-06-29","2018","06","29","","26.3","","19.7","","23.0","","0.0","","5.0","","","M","","M","","M","","","16","","33",""
"-80.05","42.53","LONG POINT (AUT)","6134F10","2018-06-30","2018","06","30","","27.7","","22.4","","25.1","","0.0","","7.1","","","M","","M","","M","","","15","","39",""
"-80.05","42.53","LONG POINT (AUT)","6134F10","2018-07-01","2018","07","01","","30.3","","22.5","","26.4","","0.0","","8.4","","","M","","M","","M","","","14","","35",""
"-80.05","42.53","LONG POINT (AUT)","6134F10","2018-07-02","2018","07","02","","26.2","","23.3","","24.8","","0.0","","6.8","","","M","","M","","M","","","15","","41",""
"-80.05","42.53","LONG POINT (AUT)","6134F10","2018-07-03","2018","07","03","","28.4","","22.0","","25.2","","0.0","","7.2","","","M","","M","","M","","","2","","33",""
"-80.05","42.53","LONG POINT (AUT)","6134F10","2018-07-04","2018","07","04","","29.9","","22.9","","26.4","","0.0","","8.4","","","M","","M","","M","","","","","<31",""
"-80.05","42.53","LONG POINT (AUT)","6134F10","2018-07-05","2018","07","05","","26.1","","23.8","","25.0","","0.0","","7.0","","","M","","M","","M","","","17","","48",""
"-80.05","42.53","LONG POINT (AUT)","6134F10","2018-07-06","2018","07","06","","24.6","","17.9","","21.3","","0.0","","3.3","","","M","","M","","M","","","30","","50",""
"-80.05","42.53","LONG POINT (AUT)","6134F10","2018-07-07","2018","07","07","","22.8","","18.5","","20.7","","0.0","","2.7","","","M","","M","","M","","","36","","43",""
"-80.05","42.53","LONG POINT (AUT)","6134F10","2018-07-08","2018","07","08","","25.6","","20.9","","23.3","","0.0","","5.3","","","M","","M","","M","","","16","","32",""
"-80.05","42.53","LONG POINT (AUT)","6134F10","2018-07-09","2018","07","09","","24.1","","21.7","","22.9","","0.0","","4.9","","","M","","M","","M","","","17","","33",""
"-80.05","42.53","LONG POINT (AUT)","6134F10","2018-07-10","2018","07","10","","27.7","","21.3","","24.5","","0.0","","6.5","","","","","","","M","","","34","","44",""
"-80.05","42.53","LONG POINT (AUT)","6134F10","2018-07-11","2018","07","11","","24.1","","19.8","","22.0","","0.0","","4.0","","","M","","M","","M","","","33","","39",""
"-80.05","42.53","LONG POINT (AUT)","6134F10","2018-07-12","2018","07","12","","27.4","","21.1","","24.3","","0.0","","6.3","","","M","","M","","M","","","","","<31",""
"-80.05","42.53","LONG POINT (AUT)","6134F10","2018-07-13","2018","07","13","","27.7","","22.7","","25.2","","0.0","","7.2","","","M","","M","","M","","","","","<31",""
"-80.05","42.53","LONG POINT (AUT)","6134F10","2018-07-14","2018","07","14","","26.7","","22.8","","24.8","","0.0","","6.8","","","M","","M","","M","","","27","","39",""
"-80.05","42.53","LONG POINT (AUT)","6134F10","2018-07-15","2018","07","15","","26.7","","22.7","","24.7","","0.0","","6.7","","","M","","M","","M","","","","","<31",""
"-80.05","42.53","LONG POINT (AUT)","6134F10","2018-07-16","2018","07","16","","28.3","","23.3","","25.8","","0.0","","7.8","","","","","","","M","","","11","","47",""
"-80.05","42.53","LONG POINT (AUT)","6134F10","2018-07-17","2018","07","17","","24.9","","19.4","","22.2","","0.0","","4.2","","","","","","","M","","","27","","44",""
"-80.05","42.53","LONG POINT (AUT)","6134F10","2018-07-18","2018","07","18","","22.6","","17.5","","20.0","","0.0","","2.0","","","","","","","M","","","34","","39",""
"-80.05","42.53","LONG POINT (AUT)","6134F10","2018-07-19","2018","07","19","","25.6","","18.4","","22.0","","0.0","","4.0","","","","","","","M","","","6","","34",""
"-80.05","42.53","LONG POINT (AUT)","6134F10","2018-07-20","2018","07","20","","27.6","","22.5","","25.1","","0.0","","7.1","","","","","","","M","","","13","","54",""
"-80.05","42.53","LONG POINT (AUT)","6134F10","2018-07-21","2018","07","21","","24.7","","19.0","","21.8","","0.0","","3.8","","","","","","","M","","","12","","56",""
"-80.05","42.53","LONG POINT (AUT)","6134F10","2018-07-22","2018","07","22","","23.3","","16.8","","20.1","","0.0","","2.1","","","","","","","M","","","2","","67",""
"-80.05","42.53","LONG POINT (AUT)","6134F10","2018-07-23","2018","07","23","","25.5","","22.1","","23.8","","0.0","","5.8","","","","","","","M","","","5","","32",""
"-80.05","42.53","LONG POINT (AUT)","6134F10","2018-07-24","2018","07","24","","27.5","","21.7","","24.6","","0.0","","6.6","","","","","","","M","","","13","","35",""
"-80.05","42.53","LONG POINT (AUT)","6134F10","2018-07-25","2018","07","25","","26.5","","21.6","","24.1","","0.0","","6.1","","","","","","","M","","","20","","32",""
"-80.05","42.53","LONG POINT (AUT)","6134F10","2018-07-26","2018","07","26","","24.9","","20.7","","22.8","","0.0","","4.8","","","","","","","M","","","15","","57",""
"-80.05","42.53","LONG POINT (AUT)","6134F10","2018-07-27","2018","07","27","","22.4","","19.0","","20.7","","0.0","","2.7","","","","","","","M","","","26","","51",""
"-80.05","42.53","LONG POINT (AUT)","6134F10","2018-07-28","2018","07","28","","21.8","","17.9","","19.8","","0.0","","1.8","","","","","","","M","","","21","","40",""
"-80.05","42.53","LONG POINT (AUT)","6134F10","2018-07-29","2018","07","29","","24.2","","19.9","","22.1","","0.0","","4.1","","","","","","","M","","","","","",""
"-80.05","42.53","LONG POINT (AUT)","6134F10","2018-07-30","2018","07","30","","22.7","","21.2","","21.9","","0.0","","3.9","","","","","","","M","","","","","",""
"-80.05","42.53","LONG POINT (AUT)","6134F10","2018-07-31","2018","07","31","","23.6","","21.3","","22.5","","0.0","","4.5","","","","","","","M","","","13","","36",""
"-80.05","42.53","LONG POINT (AUT)","6134F10","2018-08-01","2018","08","01","","23.4","","20.8","","22.1","","0.0","","4.1","","","","","","","M","","","18","","54",""
"-80.05","42.53","LONG POINT (AUT)","6134F10","2018-08-02","2018","08","02","","25.4","","21.3","","23.4","","0.0","","5.4","","","","","","","M","","","16","","34",""
"-80.05","42.53","LONG POINT (AUT)","6134F10","2018-08-03","2018","08","03","","24.7","","22.4","","23.5","","0.0","","5.5","","","","","","","M","","","","","",""
"-80.05","42.53","LONG POINT (AUT)","6134F10","2018-08-04","2018","08","04","","","M","","M","","M","","M","","M","","","","","","M","","","","M","","M"
"-80.05","42.53","LONG POINT (AUT)","6134F10","2018-08-05","2018","08","05","","27.0","","23.3","","25.1","","0.0","","7.1","","","","","","","M","","","17","","37",""
"-80.05","42.53","LONG POINT (AUT)","6134F10","2018-08-06","2018","08","06","","26.7","","22.7","","24.7","","0.0","","6.7","","","","","","","M","","","27","","40",""
"-80.05","42.53","LONG POINT (AUT)","6134F10","2018-08-07","2018","08","07","","24.3","","22.4","","23.3","","0.0","","5.3","","","","","","","M","","","21","","48",""
"-80.05","42.53","LONG POINT (AUT)","6134F10","2018-08-08","2018","08","08","","24.8","","20.8","","22.8","","0.0","","4.8","","","","","","","M","","","19","","56",""
"-80.05","42.53","LONG POINT (AUT)","6134F10","2018-08-09","2018","08","09","","24.3","","20.5","","22.4","","0.0","","4.4","","","","","","","M","","","20","","36",""
"-80.05","42.53","LONG POINT (AUT)","6134F10","2018-08-10","2018","08","10","","23.6","","21.0","","22.3","","0.0","","4.3","","","","","","","M","","","36","","39",""
"-80.05","42.53","LONG POINT (AUT)","6134F10","2018-08-11","2018","08","11","","25.7","","20.3","","23.0","","0.0","","5.0","","","","","","","M","","","35","","31",""
"-80.05","42.53","LONG POINT (AUT)","6134F10","2018-08-12","2018","08","12","","25.4","","21.9","","23.7","","0.0","","5.7","","","","","","","M","","","35","","32",""
"-80.05","42.53","LONG POINT (AUT)","6134F10","2018-08-13","2018","08","13","","24.4","","21.8","","23.1","","0.0","","5.1","","","","","","","M","","","35","","33",""
"-80.05","42.53","LONG POINT (AUT)","6134F10","2018-08-14","2018","08","14","","25.2","","22.0","","23.6","","0.0","","5.6","","","","","","","M","","","20","","39",""
"-80.05","42.53","LONG POINT (AUT)","6134F10","2018-08-15","2018","08","15","","25.0","","23.5","","24.2","","0.0","","6.2","","","","","","","M","","","20","","42",""
"-80.05","42.53","LONG POINT (AUT)","6134F10","2018-08-16","2018","08","16","","26.2","","23.8","","25.0","","0.0","","7.0","","","","","","","M","","","17","","51",""
"-80.05","42.53","LONG POINT (AUT)","6134F10","2018-08-17","2018","08","17","","25.0","","21.0","","23.0","","0.0","","5.0","","","","","","","M","","","17","","58",""
"-80.05","42.53","LONG POINT (AUT)","6134F10","2018-08-18","2018","08","18","","22.8","","19.6","","21.2","","0.0","","3.2","","","","","","","M","","","34","","57",""
"-80.05","42.53","LONG POINT (AUT)","6134F10","2018-08-19","2018","08","19","","23.6","","20.6","","22.1","","0.0","","4.1","","","","","","","M","","","","","",""
"-80.05","42.53","LONG POINT (AUT)","6134F10","2018-08-20","2018","08","20","","","M","","M","","M","","M","","M","","","","","","M","","","","M","","M"
"-80.05","42.53","LONG POINT (AUT)","6134F10","2018-08-21","2018","08","21","","","M","","M","","M","","M","","M","","","","","","M","","","","M","","M"
"-80.05","42.53","LONG POINT (AUT)","6134F10","2018-08-22","2018","08","22","","","M","","M","","M","","M","","M","","","","","","M","","","","M","","M"
"-80.05","42.53","LONG POINT (AUT)","6134F10","2018-08-23","2018","08","23","","22.6","","17.0","","19.8","","0.0","","1.8","","","","","","","M","","","21","","39",""
"-80.05","42.53","LONG POINT (AUT)","6134F10","2018-08-24","2018","08","24","","25.9","","21.0","","23.4","","0.0","","5.4","","","","","","","M","","","13","","47",""
"-80.05","42.53","LONG POINT (AUT)","6134F10","2018-08-25","2018","08","25","","24.2","","21.2","","22.7","","0.0","","4.7","","","","","","","M","","","15","","55",""
"-80.05","42.53","LONG POINT (AUT)","6134F10","2018-08-26","2018","08","26","","23.2","","21.5","","22.4","","0.0","","4.4","","","","","","","M","","","17","","49",""
"-80.05","42.53","LONG POINT (AUT)","6134F10","2018-08-27","2018","08","27","","26.6","","21.1","","23.9","","0.0","","5.9","","","","","","","M","","","25","","57",""
"-80.05","42.53","LONG POINT (AUT)","6134F10","2018-08-28","2018","08","28","","29.2","","23.9","","26.6","","0.0","","8.6","","","","","","","M","","","18","","65",""
"-80.05","42.53","LONG POINT (AUT)","6134F10","2018-08-29","2018","08","29","","27.2","","20.2","","23.7","","0.0","","5.7","","","","","","","M","","","16","","60",""
"-80.05","42.53","LONG POINT (AUT)","6134F10","2018-08-30","2018","08","30","","20.3","","18.0","","19.1","","0.0","","1.1","","","","","","","M","","","31","","38",""
"-80.05","42.53","LONG POINT (AUT)","6134F10","2018-08-31","2018","08","31","","24.1","","19.1","","21.6","","0.0","","3.6","","","","","","","M","","","","","",""
"-80.05","42.53","LONG POINT (AUT)","6134F10","2018-09-01","2018","09","01","","28.3","","21.8","","25.1","","0.0","","7.1","","","","","","","M","","","13","","43",""
"-80.05","42.53","LONG POINT (AUT)","6134F10","2018-09-02","2018","09","02","","26.4","","21.6","","24.0","","0.0","","6.0","","","","","","","M","","","21","","60",""
"-80.05","42.53","LONG POINT (AUT)","6134F10","2018-09-03","2018","09","03","","26.2","","20.8","","23.5","","0.0","","5.5","","","","","","","M","","","27","","58",""
"-80.05","42.53","LONG POINT (AUT)","6134F10","2018-09-04","2018","09","04","","27.3","","22.8","","25.0","","0.0","","7.0","","","","","","","M","","","","","",""
"-80.05","42.53","LONG POINT (AUT)","6134F10","2018-09-05","2018","09","05","","28.4","","25.1","","26.8","","0.0","","8.8","","","","","","","M","","","17","","46",""
"-80.05","42.53","LONG POINT (AUT)","6134F10","2018-09-06","2018","09","06","","25.4","","20.5","","22.9","","0.0","","4.9","","","","","","","M","","","35","","40",""
"-80.05","42.53","LONG POINT (AUT)","6134F10","2018-09-07","2018","09","07","","22.4","","19.3","","20.9","","0.0","","2.9","","","","","","","M","","","35","","49",""
"-80.05","42.53","LONG POINT (AUT)","6134F10","2018-09-08","2018","09","08","","20.2","","15.2","","17.7","","0.3","","0.0","","","","","","","M","","","1","","69",""
"-80.05","42.53","LONG POINT (AUT)","6134F10","2018-09-09","2018","09","09","","17.2","","14.2","","15.7","","2.3","","0.0","","","","","","","M","","","5","","71",""
"-80.05","42.53","LONG POINT (AUT)","6134F10","2018-09-10","2018","09","10","","19.6","","13.7","","16.6","","1.4","","0.0","","","","","","","M","","","4","","74",""
"-80.05","42.53","LONG POINT (AUT)","6134F10","2018-09-11","2018","09","11","","19.1","","15.1","","17.1","","0.9","","0.0","","","","","","","M","","","19","","41",""
"-80.05","42.53","LONG POINT (AUT)","6134F10","2018-09-12","2018","09","12","","22.1","","18.5","","20.3","","0.0","","2.3","","","","","","","M","","","36","","36",""
"-80.05","42.53","LONG POINT (AUT)","6134F10","2018-09-13","2018","09","13","","23.8","","19.2","","21.5","","0.0","","3.5","","","","","","","M","","","36","","34",""
"-80.05","42.53","LONG POINT (AUT)","6134F10","2018-09-14","2018","09","14","","25.2","","22.4","","23.8","","0.0","","5.8","","","","","","","M","","","","","",""
"-80.05","42.53","LONG POINT (AUT)","6134F10","2018-09-15","2018","09","15","","27.1","","22.2","","24.7","","0.0","","6.7","","","","","","","M","","","","","",""
"-80.05","42.53","LONG POINT (AUT)","6134F10","2018-09-16","2018","09","16","","25.8","","22.3","","24.0","","0.0","","6.0","","","","","","","M","","","13","","37",""
"-80.05","42.53","LONG POINT (AUT)","6134F10","2018-09-17","2018","09","17","","24.5","","21.9","","23.2","","0.0","","5.2","","","","","","","M","","","13","","32",""
"-80.05","42.53","LONG POINT (AUT)","6134F10","2018-09-18","2018","09","18","","23.8","","18.4","","21.1","","0.0","","3.1","","","","","","","M","","","27","","36",""
"-80.05","42.53","LONG POINT (AUT)","6134F10","2018-09-19","2018","09","19","","","M","","M","","M","","M","","M","","","","","","M","","","","M","","M"
"-80.05","42.53","LONG POINT (AUT)","6134F10","2018-09-20","2018","09","20","","24.3","","16.8","","20.6","","0.0","","2.6","","","","","","","M","","","14","","56",""
"-80.05","42.53","LONG POINT (AUT)","6134F10","2018-09-21","2018","09","21","","26.8","","15.5","","21.1","","0.0","","3.1","","","","","","","M","","","27","","78",""
"-80.05","42.53","LONG POINT (AUT)","6134F10","2018-09-22","2018","09","22","","15.6","","12.2","","13.9","","4.1","","0.0","","","","","","","M","","","29","","59",""
"-80.05","42.53","LONG POINT (AUT)","6134F10","2018-09-23","2018","09","23","","19.1","","14.5","","16.8","","1.2","","0.0","","","","","","","M","","","3","","48",""
"-80.05","42.53","LONG POINT (AUT)","6134F10","2018-09-24","2018","09","24","","20.7","","15.4","","18.0","","0.0","","0.0","","","","","","","M","","","12","","79",""
"-80.05","42.53","LONG POINT (AUT)","6134F10","2018-09-25","2018","09","25","","22.7","","17.2","","19.9","","0.0","","1.9","","","","","","","M","","","14","","77",""
"-80.05","42.53","LONG POINT (AUT)","6134F10","2018-09-26","2018","09","26","","22.4","","15.9","","19.2","","0.0","","1.2","","","","","","","M","","","16","","61",""
"-80.05","42.53","LONG POINT (AUT)","6134F10","2018-09-27","2018","09","27","","17.7","","14.5","","16.1","","1.9","","0.0","","","","","","","M","","","16","","38",""
"-80.05","42.53","LONG POINT (AUT)","6134F10","2018-09-28","2018","09","28","","19.5","","12.1","","15.8","","2.2","","0.0","","","","","","","M","","","28","","59",""
"-80.05","42.53","LONG POINT (AUT)","6134F10","2018-09-29","2018","09","29","","14.7","","11.6","","13.2","","4.8","","0.0","","","","","","","M","","","20","","38",""
"-80.05","42.53","LONG POINT (AUT)","6134F10","2018-09-30","2018","09","30","","17.1","","11.4","","14.2","","3.8","","0.0","","","","","","","M","","","36","","43",""
"-80.05","42.53","LONG POINT (AUT)","6134F10","2018-10-01","2018","10","01","","16.5","","12.0","","14.2","","3.8","","0.0","","","","","","","M","","","36","","54",""
"-80.05","42.53","LONG POINT (AUT)","6134F10","2018-10-02","2018","10","02","","20.7","","14.0","","17.3","","0.7","","0.0","","","","","","","M","","","32","","56",""
"-80.05","42.53","LONG POINT (AUT)","6134F10","2018-10-03","2018","10","03","","22.1","","12.9","","17.5","","0.5","","0.0","","","","","","","M","","","16","","59",""
"-80.05","42.53","LONG POINT (AUT)","6134F10","2018-10-04","2018","10","04","","23.0","","10.8","","16.9","","1.1","","0.0","","","","","","","M","","","17","","77",""
"-80.05","42.53","LONG POINT (AUT)","6134F10","2018-10-05","2018","10","05","","17.1","","11.0","","14.1","","3.9","","0.0","","","","","","","M","","","4","","54",""
"-80.05","42.53","LONG POINT (AUT)","6134F10","2018-10-06","2018","10","06","","21.8","","15.2","","18.5","","0.0","","0.5","","","","","","","M","","","13","","45",""
"-80.05","42.53","LONG POINT (AUT)","6134F10","2018-10-07","2018","10","07","","19.7","","13.5","","16.6","","1.4","","0.0","","","","","","","M","","","2","","40",""
"-80.05","42.53","LONG POINT (AUT)","6134F10","2018-10-08","2018","10","08","","23.8","","13.5","","18.7","","0.0","","0.7","","","","","","","M","","","36","","41",""
"-80.05","42.53","LONG POINT (AUT)","6134F10","2018-10-09","2018","10","09","","26.5","","20.7","","23.6","","0.0","","5.6","","","","","","","M","","","14","","42",""
"-80.05","42.53","LONG POINT (AUT)","6134F10","2018-10-10","2018","10","10","","25.1","","20.1","","22.6","","0.0","","4.6","","","","","","","M","","","15","","46",""
"-80.05","42.53","LONG POINT (AUT)","6134F10","2018-10-11","2018","10","11","","","M","","M","","M","","M","","M","","","","","","M","","","","M","","M"
"-80.05","42.53","LONG POINT (AUT)","6134F10","2018-10-12","2018","10","12","","9.7","","5.8","","7.8","","10.2","","0.0","","","","","","","M","","","26","","50",""
"-80.05","42.53","LONG POINT (AUT)","6134F10","2018-10-13","2018","10","13","","11.1","","5.4","","8.3","","9.7","","0.0","","","","","","","M","","","16","","54",""
"-80.05","42.53","LONG POINT (AUT)","6134F10","2018-10-14","2018","10","14","","14.2","","9.3","","11.8","","6.2","","0.0","","","","","","","M","","","17","","53",""
"-80.05","42.53","LONG POINT (AUT)","6134F10","2018-10-15","2018","10","15","","14.7","","4.9","","9.8","","8.2","","0.0","","","","","","","M","","","25","","70",""
"-80.05","42.53","LONG POINT (AUT)","6134F10","2018-10-16","2018","10","16","","13.2","","4.1","","8.6","","9.4","","0.0","","","","","","","M","","","19","","70",""
"-80.05","42.53","LONG POINT (AUT)","6134F10","2018-10-17","2018","10","17","","13.0","","4.3","","8.6","","9.4","","0.0","","","","","","","M","","","26","","77",""
"-80.05","42.53","LONG POINT (AUT)","6134F10","2018-10-18","2018","10","18","","11.8","","3.6","","7.7","","10.3","","0.0","","","","","","","M","","","21","","62",""
"-80.05","42.53","LONG POINT (AUT)","6134F10","2018-10-19","2018","10","19","","13.2","","9.7","","11.4","","6.6","","0.0","","","","","","","M","","","20","","88",""
"-80.05","42.53","LONG POINT (AUT)","6134F10","2018-10-20","2018","10","20","","","M","","M","","M","","M","","M","","","","","","M","","","","M","","M"
"-80.05","42.53","LONG POINT (AUT)","6134F10","2018-10-21","2018","10","21","","5.8","","2.4","","4.1","","13.9","","0.0","","","","","","","M","","","30","","61",""
"-80.05","42.53","LONG POINT (AUT)","6134F10","2018-10-22","2018","10","22","","","M","","M","","M","","M","","M","","","","","","M","","","","M","","M"
"-80.05","42.53","LONG POINT (AUT)","6134F10","2018-10-23","2018","10","23","","11.7","","5.7","","8.7","","9.3","","0.0","","","","","","","M","","","18","","58",""
"-80.05","42.53","LONG POINT (AUT)","6134F10","2018-10-24","2018","10","24","","6.1","","3.9","","5.0","","13.0","","0.0","","","","","","","M","","","30","","52",""
"-80.05","42.53","LONG POINT (AUT)","6134F10","2018-10-25","2018","10","25","","7.4","","3.7","","5.6","","12.4","","0.0","","","","","","","M","","","31","","36",""
"-80.05","42.53","LONG POINT (AUT)","6134F10","2018-10-26","2018","10","26","","10.5","","6.8","","8.7","","9.3","","0.0","","","","","","","M","","","7","","48",""
"-80.05","42.53","LONG POINT (AUT)","6134F10","2018-10-27","2018","10","27","","7.5","","4.7","","6.1","","11.9","","0.0","","","","","","","M","","","1","","64",""
"-80.05","42.53","LONG POINT (AUT)","6134F10","2018-10-28","2018","10","28","","8.8","","3.1","","5.9","","12.1","","0.0","","","","","","","M","","","16","","41",""
"-80.05","42.53","LONG POINT (AUT)","6134F10","2018-10-29","2018","10","29","","9.2","","5.3","","7.2","","10.8","","0.0","","","","","","","M","","","24","","47",""
"-80.05","42.53","LONG POINT (AUT)","6134F10","2018-10-30","2018","10","30","","13.3","","6.0","","9.6","","8.4","","0.0","","","","","","","M","","","15","","40",""
"-80.05","42.53","LONG POINT (AUT)","6134F10","2018-10-31","2018","10","31","","14.7","","9.0","","11.8","","6.2","","0.0","","","","","","","M","","","16","","61",""
"-80.05","42.53","LONG POINT (AUT)","6134F10","2018-11-01","2018","11","01","","9.3","","6.9","","8.1","","9.9","","0.0","","","","","","","M","","","36","","82",""
"-80.05","42.53","LONG POINT (AUT)","6134F10","2018-11-02","2018","11","02","","8.6","","5.2","","6.9","","11.1","","0.0","","","","","","","M","","","36","","78",""
"-80.05","42.53","LONG POINT (AUT)","6134F10","2018-11-03","2018","11","03","","7.0","","4.5","","5.8","","12.2","","0.0","","","","","","","M","","","24","","54",""
"-80.05","42.53","LONG POINT (AUT)","6134F10","2018-11-04","2018","11","04","","11.7","","5.2","","8.4","","9.6","","0.0","","","","","","","M","","","3","","57",""
"-80.05","42.53","LONG POINT (AUT)","6134F10","2018-11-05","2018","11","05","","14.0","","10.0","","12.0","","6.0","","0.0","","","","","","","M","","","13","","62",""
"-80.05","42.53","LONG POINT (AUT)","6134F10","2018-11-06","2018","11","06","","13.9","","7.5","","10.7","","7.3","","0.0","","","","","","","M","","","19","","99",""
"-80.05","42.53","LONG POINT (AUT)","6134F10","2018-11-07","2018","11","07","","10.1","","4.1","","7.1","","10.9","","0.0","","","","","","","M","","","18","","83",""
"-80.05","42.53","LONG POINT (AUT)","6134F10","2018-11-08","2018","11","08","","5.2","","4.2","","4.7","","13.3","","0.0","","","","","","","M","","","24","","50",""
"-80.05","42.53","LONG POINT (AUT)","6134F10","2018-11-09","2018","11","09","","6.9","","2.5","","4.7","","13.3","","0.0","","","","","","","M","","","24","","73",""
"-80.05","42.53","LONG POINT (AUT)","6134F10","2018-11-10","2018","11","10","","2.6","","-2.5","","0.1","","17.9","","0.0","","","","","","","M","","","25","","76",""
"-80.05","42.53","LONG POINT (AUT)","6134F10","2018-11-11","2018","11","11","","5.6","","-0.4","","2.6","","15.4","","0.0","","","","","","","M","","","26","","44",""
"-80.05","42.53","LONG POINT (AUT)","6134F10","2018-11-12","2018","11","12","","5.9","","4.2","","5.1","","12.9","","0.0","","","","","","","M","","","31","","35",""
"-80.05","42.53","LONG POINT (AUT)","6134F10","2018-11-13","2018","11","13","","4.3","","-1.8","","1.3","","16.7","","0.0","","","","","","","M","","","25","","62",""
"-80.05","42.53","LONG POINT (AUT)","6134F10","2018-11-14","2018","11","14","","1.3","","-3.9","","-1.3","","19.3","","0.0","","","","","","","M","","","26","","56",""
"-80.05","42.53","LONG POINT (AUT)","6134F10","2018-11-15","2018","11","15","","3.0","","0.3","","1.6","","16.4","","0.0","","","","","","","M","","","8","","44",""
"-80.05","42.53","LONG POINT (AUT)","6134F10","2018-11-16","2018","11","16","","5.8","","0.9","","3.3","","14.7","","0.0","","","","","","","M","","","20","","79",""
"-80.05","42.53","LONG POINT (AUT)","6134F10","2018-11-17","2018","11","17","","4.2","","1.2","","2.7","","15.3","","0.0","","","","","","","M","","","24","","44",""
"-80.05","42.53","LONG POINT (AUT)","6134F10","2018-11-18","2018","11","18","","5.2","","1.3","","3.2","","14.8","","0.0","","","","","","","M","","","27","","35",""
"-80.05","42.53","LONG POINT (AUT)","6134F10","2018-11-19","2018","11","19","","4.6","","1.6","","3.1","","14.9","","0.0","","","","","","","M","","","26","","36",""
"-80.05","42.53","LONG POINT (AUT)","6134F10","2018-11-20","2018","11","20","","4.0","","-1.6","","1.2","","16.8","","0.0","","","","","","","M","","","18","","77",""
"-80.05","42.53","LONG POINT (AUT)","6134F10","2018-11-21","2018","11","21","","3.8","","-7.4","","-1.8","","19.8","","0.0","","","","","","","M","","","19","","80",""
"-80.05","42.53","LONG POINT (AUT)","6134F10","2018-11-22","2018","11","22","","-3.5","","-8.5","","-6.0","","24.0","","0.0","","","","","","","M","","","7","","41",""
"-80.05","42.53","LONG POINT (AUT)","6134F10","2018-11-23","2018","11","23","","6.6","","-3.9","","1.3","","16.7","","0.0","","","","","","","M","","","14","","47",""
"-80.05","42.53","LONG POINT (AUT)","6134F10","2018-11-24","2018","11","24","","8.9","","3.4","","6.1","","11.9","","0.0","","","","","","","M","","","13","","78",""
"-80.05","42.53","LONG POINT (AUT)","6134F10","2018-11-25","2018","11","25","","8.1","","5.4","","6.8","","11.2","","0.0","","","","","","","M","","","20","","50",""
"-80.05","42.53","LONG POINT (AUT)","6134F10","2018-11-26","2018","11","26","","8.7","","1.5","","5.1","","12.9","","0.0","","","","","","","M","","","15","","82",""
"-80.05","42.53","LONG POINT (AUT)","6134F10","2018-11-27","2018","11","27","","1.7","","-1.5","","0.1","","17.9","","0.0","","","","","","","M","","","23","","64",""
"-80.05","42.53","LONG POINT (AUT)","6134F10","2018-11-28","2018","11","28","","-0.1","","-1.9","","-1.0","","19.0","","0.0","","","","","","","M","","","23","","71",""
"-80.05","42.53","LONG POINT (AUT)","6134F10","2018-11-29","2018","11","29","","0.8","","-1.2","","-0.2","","18.2","","0.0","","","","","","","M","","","19","","50",""
"-80.05","42.53","LONG POINT (AUT)","6134F10","2018-11-30","2018","11","30","","3.3","","0.6","","2.0","","16.0","","0.0","","","","","","","M","","","","","",""
"-80.05","42.53","LONG POINT (AUT)","6134F10","2018-12-01","2018","12","01","","7.8","","2.7","","5.2","","12.8","","0.0","","","","","","","M","","","3","","54",""
"-80.05","42.53","LONG POINT (AUT)","6134F10","2018-12-02","2018","12","02","","15.9","","6.3","","11.1","","6.9","","0.0","","","","","","","M","","","24","","78",""
"-80.05","42.53","LONG POINT (AUT)","6134F10","2018-12-03","2018","12","03","","6.5","","0.6","","3.6","","14.4","","0.0","","","","","","","M","","","20","","81",""
"-80.05","42.53","LONG POINT (AUT)","6134F10","2018-12-04","2018","12","04","","1.6","","-2.1","","-0.3","","18.3","","0.0","","","","","","","M","","","28","","41",""
"-80.05","42.53","LONG POINT (AUT)","6134F10","2018-12-05","2018","12","05","","1.4","","-1.3","","0.0","","18.0","","0.0","","","","","","","M","","","20","","72",""
"-80.05","42.53","LONG POINT (AUT)","6134F10","2018-12-06","2018","12","06","","2.2","","-2.0","","0.1","","17.9","","0.0","","","","","","","M","","","18","","82",""
"-80.05","42.53","LONG POINT (AUT)","6134F10","2018-12-07","2018","12","07","","0.0","","-3.3","","-1.7","","19.7","","0.0","","","","","","","M","","","19","","56",""
"-80.05","42.53","LONG POINT (AUT)","6134F10","2018-12-08","2018","12","08","","-1.6","","-6.2","","-3.9","","21.9","","0.0","","","","","","","M","","","26","","49",""
"-80.05","42.53","LONG POINT (AUT)","6134F10","2018-12-09","2018","12","09","","-0.7","","-2.7","","-1.7","","19.7","","0.0","","","","","","","M","","","17","","38",""
"-80.05","42.53","LONG POINT (AUT)","6134F10","2018-12-10","2018","12","10","","1.5","","-2.1","","-0.3","","18.3","","0.0","","","","","","","M","","","20","","57",""
"-80.05","42.53","LONG POINT (AUT)","6134F10","2018-12-11","2018","12","11","","0.3","","-1.8","","-0.8","","18.8","","0.0","","","","","","","M","","","19","","75",""
"-80.05","42.53","LONG POINT (AUT)","6134F10","2018-12-12","2018","12","12","","","M","","M","","M","","M","","M","","","","","","M","","","","M","","M"
"-80.05","42.53","LONG POINT (AUT)","6134F10","2018-12-13","2018","12","13","","","M","","M","","M","","M","","M","","","","","","M","","","","M","","M"
"-80.05","42.53","LONG POINT (AUT)","6134F10","2018-12-14","2018","12","14","","","M","","M","","M","","M","","M","","","","","","M","","","","M","","M"
"-80.05","42.53","LONG POINT (AUT)","6134F10","2018-12-15","2018","12","15","","6.5","","2.6","","4.6","","13.4","","0.0","","","","","","","M","","","2","","68",""
"-80.05","42.53","LONG POINT (AUT)","6134F10","2018-12-16","2018","12","16","","4.3","","2.6","","3.4","","14.6","","0.0","","","","","","","M","","","2","","60",""
"-80.05","42.53","LONG POINT (AUT)","6134F10","2018-12-17","2018","12","17","","4.2","","0.6","","2.4","","15.6","","0.0","","","","","","","M","","","26","","57",""
"-80.05","42.53","LONG POINT (AUT)","6134F10","2018-12-18","2018","12","18","","1.4","","-2.5","","-0.5","","18.5","","0.0","","","","","","","M","","","28","","47",""
"-80.05","42.53","LONG POINT (AUT)","6134F10","2018-12-19","2018","12","19","","5.8","","1.1","","3.4","","14.6","","0.0","","","","","","","M","","","17","","48",""
"-80.05","42.53","LONG POINT (AUT)","6134F10","2018-12-20","2018","12","20","","","M","","M","","M","","M","","M","","","","","","M","","","","M","","M"
"-80.05","42.53","LONG POINT (AUT)","6134F10","2018-12-21","2018","12","21","","4.9","","0.4","","2.7","","15.3","","0.0","","","","","","","M","","","28","","54",""
"-80.05","42.53","LONG POINT (AUT)","6134F10","2018-12-22","2018","12","22","","0.7","","-1.2","","-0.2","","18.2","","0.0","","","","","","","M","","","25","","64",""
"-80.05","42.53","LONG POINT (AUT)","6134F10","2018-12-23","2018","12","23","","3.4","","-0.2","","1.6","","16.4","","0.0","","","","","","","M","","","16","","43",""
"-80.05","42.53","LONG POINT (AUT)","6134F10","2018-12-24","2018","12","24","","2.9","","-1.0","","0.9","","17.1","","0.0","","","","","","","M","","","19","","61",""
"-80.05","42.53","LONG POINT (AUT)","6134F10","2018-12-25","2018","12","25","","0.9","","-1.2","","-0.1","","18.1","","0.0","","","","","","","M","","","","","",""
"-80.05","42.53","LONG POINT (AUT)","6134F10","2018-12-26","2018","12","26","","2.2","","0.0","","1.1","","16.9","","0.0","","","","","","","M","","","2","","43",""
"-80.05","42.53","LONG POINT (AUT)","6134F10","2018-12-27","2018","12","27","","8.4","","-0.1","","4.2","","13.8","","0.0","","","","","","","M","","","13","","84",""
"-80.05","42.53","LONG POINT (AUT)","6134F10","2018-12-28","2018","12","28","","11.9","","2.2","","7.0","","11.0","","0.0","","","","","","","M","","","20","","89",""
"-80.05","42.53","LONG POINT (AUT)","6134F10","2018-12-29","2018","12","29","","2.7","","-1.9","","0.4","","17.6","","0.0","","","","","","","M","","","22","","64",""
"-80.05","42.53","LONG POINT (AUT)","6134F10","2018-12-30","2018","12","30","","3.4","","-1.9","","0.8","","17.2","","0.0","","","","","","","M","","","20","","58",""
"-80.05","42.53","LONG POINT (AUT)","6134F10","2018-12-31","2018","12","31","","11.8","","3.1","","7.5","","10.5","","0.0","","","","","","","M","","","20","","88",""
